{
  "threshold": 0.7,
  "val_metrics": {
    "val_loss": 0.7255728849804545,
    "roc_auc": 0.8854082348497113,
    "pr_auc": 0.6619457842520738,
    "best_thr": 0.7,
    "best_acc": 0.8358433734939759,
    "best_precision": 0.5988023952095808,
    "best_recall": 0.704225352112676,
    "best_f1": 0.6472491909385113,
    "acc_05": 0.8102409638554217,
    "precision_05": 0.5388349514563107,
    "recall_05": 0.7816901408450704,
    "f1_05": 0.6379310344827587
  },
  "test_metrics": {
    "thr": 0.7,
    "acc": 0.8545688545688546,
    "precision": 0.631578947368421,
    "recall": 0.6835443037974683,
    "f1": 0.6565349544072948,
    "roc_auc": 0.8916688820269525,
    "pr_auc": 0.6843500132656815
  }
}